{
  "accuracy": 0.7948717948717948,
  "auc": 0.9184210526315789,
  "brier": 0.1462136209011078,
  "train_samples": 153,
  "val_samples": 39
}