{
  "accuracy": 0.7692307692307693,
  "auc": 0.8842105263157894,
  "brier": 0.17845584452152252,
  "train_samples": 153,
  "val_samples": 39
}